id,area,page_or_entity,what_is_wrong,how_you_saw_it,severity,proposed_fix
X-01,Performance,All pages (src/App.jsx),"Main JS bundle is 3.69 MB raw / ~970 KB gzipped. Every visitor, including parents on phones hitting /parent-login, downloads the whole admin + curriculum + music app before anything renders. App.jsx statically imports ~150 page components and uses zero React.lazy.","run_command: npx vite build --outDir /tmp/fpbuild -> assets/index-45DC4TbD.js 3,690,144 bytes; gzip -c | wc -c = 993,503; grep -c 'lazy(' src/App.jsx = 0",High,"Route-level code splitting: convert page imports in src/App.jsx to React.lazy() + <Suspense>, at minimum split /parent/*, /admin/*, /fws/*, /curriculum/*, music/story studios into separate chunks. Target <300 KB gzip for the parent/public entry."
X-02,Build config,vite.config.js,"Vite logLevel is set to 'error', which hides the >500 KB chunk-size warning and every other build warning, so bundle bloat goes unnoticed.","vite.config.js line: logLevel: 'error', // Suppress warnings, only show errors; build output shows no chunk warning despite a 3.69 MB chunk",Low,"Set logLevel back to 'warn' (or 'info') and optionally build.chunkSizeWarningLimit so regressions show up."
X-03,Auth / routing,"/parent-login, /register-training, /player","The routes marked as public ('no auth required') sit inside AuthenticatedApp, which returns navigateToLogin() before <Routes> renders whenever the public-settings call answers auth_required. If the app is set to private, anonymous parents/trainees are sent to the Base44 login page and never see these public pages. Could not confirm on the live site (see X-15).","Code read: src/App.jsx AuthenticatedApp -> if (authError.type === 'auth_required') { navigateToLogin(); return null; } comes before <Route path=""/parent-login""> and <Route path=""/register-training"">; src/lib/AuthContext.jsx sets auth_required from the /public-settings 403",High (needs live check),"Render the public routes outside the auth gate (e.g. check location.pathname against a PUBLIC_PATHS list before calling navigateToLogin, or wrap only private routes in a guard). Then check logged-out in an incognito window."
X-04,Code quality,52 files under src/components and src/pages,"ESLint fails: 90 errors (89 unused imports plus 1 config error). This isn't blocking now, but 'npm run lint' can't be used as a CI gate.","run_command: npx eslint . --quiet -> '90 problems (90 errors, 0 warnings) 89 errors ... potentially fixable with the --fix option'",Low,"Run 'npm run lint:fix' once (auto-removes the unused imports), then keep lint clean."
X-05,Code quality,src/lib/useSongFavourites.js:110,"An eslint-disable comment names rule 'react-hooks/exhaustive-deps', but that rule is not active in eslint.config.js, so ESLint reports a config error and hooks dependency bugs are not checked anywhere.","eslint output: '110:5 error Definition for rule 'react-hooks/exhaustive-deps' was not found'",Low,"Enable pluginReactHooks.configs.recommended rules (rules-of-hooks + exhaustive-deps) in eslint.config.js, or remove the stale disable comment."
X-06,Code quality,eslint.config.js,"Lint only covers src/components, src/pages and src/Layout.jsx. src/App.jsx, src/lib, src/fws, src/hooks and src/utils are never linted, which is why 25 unused page imports in App.jsx went unflagged.","eslint.config.js files: ['src/components/**','src/pages/**','src/Layout.jsx'], ignores src/lib/**",Low,"Widen the files glob to src/**/*.{js,jsx} (keep ignoring components/ui)."
X-07,Dead code,src/App.jsx,"25 page components are imported but never routed, so they are dead code and still sit in the bundle: MyChild, WeeklySummary, TipsAndGuidance, Messages, MyAccount, HWGrowth, ParentDashboard, ParentInbox, ParentWeeklySummary, ParentSongs, ParentGrowthMindset, ParentReflect, ParentJourney, ParentMilestoneLibrary, ParentMessages, ParentHeartWise, ParentHeartWiseDetail, ParentWords, ParentQuestions, ParentSettings, ParentHeartWiseBook, ParentPath, ParentReadingNumbers, ParentFirstWords, ParentFirstMoments.","run_command: for each default import in src/App.jsx, grep for '<Name' JSX usage -> 0 hits for the 25 names listed",Medium,"Delete the unused imports (and the page files, once confirmed retired, since their routes now LegacyRedirect elsewhere). This also shrinks X-01."
X-08,Dead code,"src/pages/OAuthConsent.jsx, src/pages/kasvunpolku/SharedCalendars.jsx","Two page files are not imported or routed anywhere, so they can't be reached.","run_command: grep across src for an import of each page basename -> no importer for these two",Low,"Route them if needed (e.g. an OAuth consent flow), otherwise delete them."
X-09,Routing,/my-child/* and /kasvunpolku/* redirects,"Some legacy redirects take two hops: /my-child/first-words -> /parent/first-words -> /parent/playground/words; /my-child/path -> /parent/path -> /parent/playground/path; /my-child/reading-numbers -> /parent/reading-numbers -> /parent; first-moments the same. All of them end on a real route (none are broken), but the /my-child/* and /kasvunpolku/* ones sit inside AppShell, so the staff shell mounts before the parent redirect.","Code read of src/App.jsx Navigate/LegacyRedirect targets, cross-checked against the defined paths; no duplicate path= values (sort | uniq -d empty)",Low,"Point the legacy Navigate targets straight at the final path, and move the /my-child/* and /kasvunpolku/* redirects out of the AppShell element."
X-10,Routing,"/parent/admin, /kasvunpolku/admin, /admin/kasvunpolku","The same admin screen (KasvunpolkuControl) is mounted on 3 paths. /parent/admin renders it inside the parent-only ParentGuard + ParentShell, which exposes a staff admin screen in the parent area.","src/App.jsx: <Route path=""/parent/admin"" element={<KasvunpolkuControl />} /> inside <ParentGuard><ParentShell>",Medium,"Remove /parent/admin (or change it to a redirect to /admin/kasvunpolku), and make sure KasvunpolkuControl checks for an admin role itself."
X-11,SEO / branding,index.html,"The HTML shell has no meta description and no og:title / og:image. The title is 'Polaricx', not the Finniped brand, and the favicon is Base44's logo (https://base44.com/logo_v2.svg), so link previews and browser tabs show Base44/Polaricx branding on finniped.com.",Read index.html: <title>Polaricx</title>; <link rel=""icon"" href=""https://base44.com/logo_v2.svg"">; no <meta name=""description"">,Medium,"Add a meta description, Open Graph/Twitter tags, a proper favicon and apple-touch-icon in public/, and a title that matches the brand used on finniped.com."
X-12,PWA,public/manifest.json,"The manifest start_url is /parent/dashboard, which is only a redirect to /parent. The same single generated PNG is declared as both the 192x192 and 512x512 icon with purpose 'any maskable'. The icon is hosted off-site on media.base44.com, so an installed PWA icon depends on third-party hosting.",Read public/manifest.json,Low,"Set start_url to /parent. Ship real 192 and 512 PNG icons in public/ with separate 'any' and 'maskable' entries."
X-13,Security / supply chain,src/lib/finnipedImport.js:20,"jszip is loaded at runtime with import('https://esm.sh/jszip@3.10.1'), meaning code is executed from a third-party CDN without integrity pinning. The Finniped import breaks if esm.sh is blocked or down.","src/lib/finnipedImport.js: const mod = await import(/* @vite-ignore */ ""https://esm.sh/jszip@3.10.1""); comment says 'jszip is not a dependency of this app'",Medium,Add jszip to package.json and import it normally (it gets bundled and lazy-loaded with the admin import page).
X-14,Build,Tailwind classes,"The build warns that the classes duration-[250ms] and duration-[400ms] are ambiguous (they match multiple utilities), so the intended transition duration may not apply. The browserslist/caniuse-lite data is also 7 months old.",Build log /tmp/build.txt in the sandbox: 'warn - The class `duration-[250ms]` is ambiguous and matches multiple utilities.',Low,"Use duration-250 / duration-400 (or [transition-duration:250ms]). Run npx update-browserslist-db@latest."
X-15,Audit coverage,https://finniped.com (all pages),"LIVE-SITE CHECKS NOT DONE: the audit environment could not reach finniped.com. Playwright gets net::ERR_TUNNEL_CONNECTION_FAILED from the egress proxy, and the local curl HEAD checks (Unsplash, media.base44.com, esm.sh, finniped.com) were blocked or returned 000. Console errors, failed requests, load time, mobile overflow, alt text and broken images on the live pages are still unverified, and so are the 10 external image URLs.","Playwright run (scratchpad audit_r1.js): all 10 page/width combinations -> 'page.goto: net::ERR_TUNNEL_CONNECTION_FAILED'; curl -> http_code 000. Screenshots were Chrome error pages and were deleted, not kept as evidence.",Info,"Re-run audit_r1.js (in the scratchpad) from a machine with open internet access, or allow finniped.com, images.unsplash.com, media.base44.com and esm.sh in the agent proxy."
X-16,Security,Platform security scan,"The latest Base44 security scan is out of date and holds no usable findings (result = null, because the app or scanner changed since the last run). Static code analysis is enabled. No current read-only security evidence exists for the app.","execute_api GET /api/apps/69f71ad98aafbe26ce61e092/security/scan -> {""status"":""out_of_date"",""result"":null,""static_code_enabled"":true}",Medium,"Run a new scan (POST /security/scan, or Security in the builder), which was not done here because the audit is read-only, then review the RLS, secrets and static findings."
X-17,SEO,Platform SEO,"No SEO scan has ever been run for the app (the SEO summary is null). The published slug URL is https://nordic-pedagogy-flow.base44.app and stays live alongside finniped.com, which risks duplicate-content indexing unless it redirects or sets a canonical.","execute_api GET /seo/summary -> {""result"":null}; GET /published-url -> {""url"":""https://nordic-pedagogy-flow.base44.app""}",Low,"Run an SEO scan. Add <link rel=""canonical""> pointing to finniped.com, or redirect the base44.app slug to it."
X-18,Public assets,public/,"No oversized assets: public/ is 24 KB in total (manifest.json, parent-sw.js and 3 sample JSON files) and nothing is over 500 KB. There are no local images at all. All imagery is remote: 10 Unsplash photos at w=1800 in src/components/training/ttHelpers.jsx, which are heavy for mobile hero images.","run_command: du -sh public -> 24K; find public -size +500k -> none; grep of src for image URLs",Low,"Request Unsplash images with w=800 plus srcset for mobile, or self-host optimised WebP copies."
